start	end	text
28580	29980	作詞曲 李宗盛
33380	34600	作詞 李宗盛
34600	34600	
34600	34620	作詞 李宗盛
34620	34620	
34620	34620	
34620	36620	作詞,李宗盛
36620	38000	作詞 李宗盛
38000	39840	作詞 李宗盛
39840	41920	作曲 李宗盛
41920	43400	作詞 李宗盛
43400	44720	作詞 李宗盛
44720	45080	作詞 李宗盛
45080	45500	作詞 李宗盛
45500	46480	作詞 李宗盛
46480	47860	作詞 李宗盛
47860	48440	作詞 李宗盛
48440	48920	作詞 李宗盛
48920	49600	作詞 李宗盛
49600	50380	犌盛
50380	54620	作詞 我的李宗盛
54620	60480	如果跌倒 闯碎现实里 起犯罪
60480	67180	坦北 叹息 要向往事 生一句叹息
67180	71400	我本是逍遥 现在这天在这地
71400	75800	奈何天地之间有狂风起雨
75800	79880	乱活过一声天命宣祭
79880	83980	将我昆虑这凡事求名合理
83980	88260	我偏作小条线 不管天 不管地
88260	92440	任天地多恩怨 我长风来去
92980	96740	乃我何一声天命宣祭
96740	100940	我来人见一回 只求歌思义
134660	142940	我的理想 我的锋利 路过跌倒 闯碎现实里
142940	151400	七分醉意 谈悲 叹息 要向往事 生一句叹息
151940	155640	我本是逍遥 现在这天在这地
155640	159880	奈何天地之间有狂风起雨
159880	164060	乱活过一声天命宣祭
164060	168240	将我昆虑这凡事求名合理
168240	172480	我偏作逍遥仙 不管天 不管地
172480	176660	任天地多恩怨 我乘风来去
176660	180960	乃我何一声天命宣祭
180960	184660	我来人见一回 只求歌思义
184920	199880	我来人见一回 只求歌思义
209820	213940	最求歌思义
214740	215340	蔡文静
215340	222560	我会心思习
222560	224580	感谢观看
